000000492077.jpg,1,108,186,474,no_vest
000000492077.jpg,170,151,270,406,no_vest
000000492077.jpg,486,170,510,222,no_vest
000000154425.jpg,143,3,395,422,no_vest
000000235836.jpg,209,276,378,608,no_vest
000000431876.jpg,174,327,214,381,no_vest
000000431876.jpg,223,328,265,393,no_vest
000000034452.jpg,322,177,407,311,no_vest
000000151516.jpg,201,229,474,311,no_vest
000000464144.jpg,54,181,312,578,no_vest
000000015597.jpg,2,184,205,382,no_vest
000000084674.jpg,0,155,187,636,no_vest
000000084674.jpg,216,191,452,630,no_vest
000000084674.jpg,160,281,391,636,no_vest
000000108495.jpg,76,4,329,482,no_vest
000000377239.jpg,263,159,517,424,no_vest
000000377239.jpg,88,158,158,397,no_vest
000000377239.jpg,0,162,59,424,no_vest
000000283785.jpg,151,87,234,330,no_vest
000000082688.jpg,1,94,479,424,no_vest
000000082688.jpg,336,40,620,421,no_vest
000000082688.jpg,329,48,415,168,no_vest
000000280710.jpg,513,275,580,443,no_vest
000000280710.jpg,162,275,254,476,no_vest
000000280710.jpg,272,294,338,478,no_vest
000000280710.jpg,16,277,101,473,no_vest
000000280710.jpg,599,290,633,368,no_vest
000000248752.jpg,139,75,406,371,no_vest
000000171190.jpg,390,123,496,284,no_vest
000000171190.jpg,500,144,624,338,no_vest
000000171190.jpg,194,145,272,233,no_vest
000000171190.jpg,52,146,142,319,no_vest
000000171190.jpg,4,266,292,472,no_vest
000000144984.jpg,77,171,388,633,no_vest
000000475387.jpg,574,215,599,295,no_vest
000000475387.jpg,605,214,634,296,no_vest
000000334530.jpg,212,141,310,259,no_vest
000000477288.jpg,0,107,131,558,no_vest
000000477288.jpg,370,246,396,303,no_vest
000000477288.jpg,137,239,172,327,no_vest
000000477288.jpg,378,198,479,385,no_vest
000000477288.jpg,137,198,261,452,no_vest
000000477288.jpg,254,65,392,470,no_vest
000000477288.jpg,329,300,479,637,no_vest
000000580197.jpg,492,82,639,475,no_vest
000000580197.jpg,64,101,345,472,no_vest
000000566282.jpg,47,32,257,361,no_vest
000000566282.jpg,354,0,469,355,no_vest
000000566282.jpg,562,186,576,225,no_vest
000000269316.jpg,198,139,380,412,no_vest
000000269316.jpg,30,137,212,412,no_vest
000000269316.jpg,397,143,605,395,no_vest
000000269316.jpg,489,174,599,383,no_vest
000000408120.jpg,285,106,318,206,no_vest
000000167486.jpg,152,100,256,419,no_vest
000000156071.jpg,2,203,130,418,no_vest
000000156071.jpg,562,86,624,267,no_vest
000000156071.jpg,506,95,569,266,no_vest
000000156071.jpg,341,104,409,223,no_vest
000000480985.jpg,29,299,49,329,no_vest
000000365095.jpg,352,73,529,272,no_vest
000000411754.jpg,10,13,295,236,no_vest
000000411754.jpg,101,69,139,134,no_vest
000000411754.jpg,70,71,79,94,no_vest
000000572620.jpg,269,92,386,283,no_vest
000000572620.jpg,440,187,488,324,no_vest
000000572620.jpg,549,114,637,368,no_vest
000000572620.jpg,406,207,442,280,no_vest
000000445792.jpg,167,17,499,370,no_vest
000000445792.jpg,17,127,220,373,no_vest
000000133343.jpg,3,17,262,479,no_vest
000000248616.jpg,361,88,581,351,no_vest
000000248616.jpg,0,70,175,397,no_vest
000000248616.jpg,169,66,308,370,no_vest
000000359833.jpg,101,336,458,635,no_vest
000000529939.jpg,450,129,540,393,no_vest
000000137246.jpg,367,95,422,244,no_vest
000000137246.jpg,134,68,325,332,no_vest
000000394275.jpg,146,141,215,205,no_vest
000000394275.jpg,255,158,293,208,no_vest
000000231508.jpg,28,223,43,271,no_vest
000000231508.jpg,283,243,319,282,no_vest
000000231508.jpg,69,243,199,393,no_vest
000000187585.jpg,119,4,496,345,no_vest
000000203864.jpg,273,106,456,437,no_vest
000000203864.jpg,107,84,216,337,no_vest
000000248284.jpg,284,146,380,409,no_vest
000000459437.jpg,0,188,217,374,no_vest
000000150417.jpg,384,0,638,449,no_vest
000000150417.jpg,116,72,334,330,no_vest
000000151657.jpg,12,22,229,631,no_vest
000000151657.jpg,185,112,359,631,no_vest
000000094944.jpg,560,231,624,292,no_vest
000000094944.jpg,358,223,468,396,no_vest
000000094944.jpg,175,190,207,265,no_vest
000000527616.jpg,248,49,376,169,no_vest
000000486438.jpg,59,0,620,274,no_vest
000000145665.jpg,3,276,199,518,no_vest
000000019924.jpg,16,23,443,499,no_vest
000000427997.jpg,244,67,335,274,no_vest
000000427997.jpg,508,127,539,192,no_vest
000000401862.jpg,443,145,639,474,no_vest
000000401862.jpg,382,230,454,466,no_vest
000000401862.jpg,194,201,268,429,no_vest
000000401862.jpg,304,223,352,407,no_vest
000000401862.jpg,260,240,306,418,no_vest
000000447187.jpg,488,172,574,305,no_vest
000000447187.jpg,210,200,426,447,no_vest
000000447187.jpg,43,104,228,464,no_vest
000000275198.jpg,0,47,178,479,no_vest
000000275198.jpg,290,116,426,256,no_vest
000000275198.jpg,448,175,502,251,no_vest
000000275198.jpg,204,183,298,293,no_vest
000000511999.jpg,158,197,207,339,no_vest
000000511999.jpg,205,193,243,327,no_vest
000000511999.jpg,104,186,145,323,no_vest
000000515982.jpg,341,0,590,404,no_vest
000000515982.jpg,164,277,414,390,no_vest
000000515982.jpg,611,3,639,95,no_vest
000000480936.jpg,70,12,362,619,no_vest
000000301376.jpg,297,368,330,444,no_vest
000000301376.jpg,180,357,198,409,no_vest
000000111207.jpg,101,31,215,295,no_vest
000000111207.jpg,155,361,244,566,no_vest
000000534041.jpg,344,0,379,79,no_vest
000000534041.jpg,197,47,470,368,no_vest
000000288042.jpg,545,195,603,358,no_vest
000000051712.jpg,126,50,315,299,no_vest
000000334371.jpg,171,227,198,297,no_vest
000000401250.jpg,109,116,279,286,no_vest
000000478721.jpg,246,222,309,332,no_vest
000000478721.jpg,325,235,393,364,no_vest
000000337055.jpg,134,3,631,412,no_vest
000000561256.jpg,319,125,531,473,no_vest
000000179898.jpg,3,203,125,461,no_vest
000000179898.jpg,91,21,479,468,no_vest
000000179898.jpg,431,150,517,281,no_vest
000000179898.jpg,368,116,451,219,no_vest
000000535608.jpg,197,159,210,190,no_vest
000000535608.jpg,47,201,117,226,no_vest
000000383339.jpg,249,292,269,320,no_vest
000000524456.jpg,119,4,639,413,no_vest
000000005060.jpg,167,300,315,486,no_vest
000000470773.jpg,125,0,286,201,no_vest
000000051938.jpg,269,161,327,277,no_vest
000000051938.jpg,360,223,378,258,no_vest
000000051938.jpg,403,222,415,249,no_vest
000000205105.jpg,146,128,299,425,no_vest
000000171382.jpg,99,13,305,280,no_vest
000000171382.jpg,489,131,557,310,no_vest
000000171382.jpg,439,150,486,282,no_vest
000000171382.jpg,367,146,409,280,no_vest
000000200421.jpg,110,124,486,473,no_vest
000000346703.jpg,15,4,278,370,no_vest
000000346703.jpg,340,124,549,359,no_vest
000000346703.jpg,187,373,335,549,no_vest
000000346703.jpg,438,375,549,519,no_vest
000000339823.jpg,10,293,357,632,no_vest
000000158945.jpg,91,41,155,217,no_vest
000000158945.jpg,388,257,426,372,no_vest
000000248112.jpg,260,196,304,329,no_vest
000000448263.jpg,86,9,294,228,no_vest
000000448263.jpg,16,12,79,228,no_vest
000000161781.jpg,256,23,459,364,no_vest
000000213086.jpg,0,113,142,442,no_vest
000000198928.jpg,249,390,308,586,no_vest
000000248400.jpg,0,5,249,423,no_vest
000000069224.jpg,44,95,243,371,no_vest
000000069224.jpg,190,30,330,255,no_vest
000000292236.jpg,96,83,214,484,no_vest
000000292236.jpg,26,122,60,248,no_vest
000000292236.jpg,50,109,130,429,no_vest
000000016249.jpg,424,102,499,250,no_vest
000000016249.jpg,43,129,188,349,no_vest
000000016249.jpg,275,37,345,166,no_vest
000000016249.jpg,331,106,457,281,no_vest
000000016249.jpg,315,103,394,201,no_vest
000000003255.jpg,295,312,311,350,no_vest
000000003255.jpg,272,315,292,356,no_vest
000000003255.jpg,259,313,274,357,no_vest
000000226154.jpg,215,168,268,223,no_vest
000000163057.jpg,35,243,90,377,no_vest
000000163057.jpg,240,263,258,307,no_vest
000000154087.jpg,251,291,291,408,no_vest
000000154087.jpg,218,303,254,400,no_vest
000000154087.jpg,31,283,83,408,no_vest
000000154087.jpg,0,293,39,415,no_vest
000000579655.jpg,187,2,639,392,no_vest
000000555050.jpg,101,187,127,210,no_vest
000000361147.jpg,175,55,400,580,no_vest
000000361147.jpg,39,80,101,179,no_vest
000000361147.jpg,54,50,112,165,no_vest
000000361147.jpg,0,101,44,184,no_vest
000000361147.jpg,356,52,414,144,no_vest
000000370677.jpg,161,94,349,327,no_vest
000000370677.jpg,0,44,193,328,no_vest
000000370677.jpg,343,112,498,327,no_vest
000000545007.jpg,149,35,282,279,no_vest
000000050326.jpg,13,25,172,287,no_vest
000000009769.jpg,136,201,180,277,no_vest
000000361730.jpg,594,353,626,450,no_vest
000000361730.jpg,216,385,254,426,no_vest
000000361730.jpg,563,345,594,448,no_vest
000000361730.jpg,463,393,495,468,no_vest
000000361730.jpg,401,383,428,427,no_vest
000000361730.jpg,374,393,396,425,no_vest
000000448365.jpg,151,34,373,337,no_vest
000000448365.jpg,442,209,479,254,no_vest
000000572462.jpg,221,380,349,600,no_vest
000000572462.jpg,448,385,538,600,no_vest
000000425361.jpg,21,25,362,477,no_vest
000000261036.jpg,45,125,146,458,no_vest
000000261036.jpg,40,0,79,112,no_vest
000000261036.jpg,297,4,331,120,no_vest
000000324614.jpg,3,83,343,422,no_vest
000000563349.jpg,183,248,268,367,no_vest
000000563349.jpg,182,244,377,398,no_vest
000000563349.jpg,241,302,365,408,no_vest
000000361586.jpg,89,208,161,359,no_vest
000000361586.jpg,202,191,257,358,no_vest
000000361586.jpg,483,156,539,285,no_vest
000000361586.jpg,248,180,308,359,no_vest
000000101068.jpg,402,85,639,426,no_vest
000000072281.jpg,94,21,354,506,no_vest
000000384808.jpg,179,44,335,331,no_vest
000000001000.jpg,512,191,639,475,no_vest
000000001000.jpg,114,152,197,380,no_vest
000000001000.jpg,399,180,510,479,no_vest
000000001000.jpg,45,189,110,394,no_vest
000000001000.jpg,257,105,340,411,no_vest
000000001000.jpg,189,174,282,412,no_vest
000000001000.jpg,323,158,418,474,no_vest
000000001000.jpg,356,154,446,476,no_vest
000000135604.jpg,454,41,548,335,no_vest
000000468501.jpg,124,81,264,327,no_vest
000000468501.jpg,201,79,326,367,no_vest
000000468501.jpg,361,126,498,278,no_vest
000000529148.jpg,442,129,639,414,no_vest
000000510329.jpg,98,93,266,309,no_vest
000000581062.jpg,130,53,194,165,no_vest
000000270474.jpg,187,16,321,368,no_vest
000000204329.jpg,169,273,203,292,no_vest
000000204329.jpg,230,279,244,293,no_vest
000000204329.jpg,241,245,250,268,no_vest
000000397279.jpg,262,87,508,334,no_vest
000000176606.jpg,25,196,71,293,no_vest
000000437205.jpg,4,9,379,634,no_vest
000000474167.jpg,86,6,351,143,no_vest
000000561958.jpg,362,219,447,416,no_vest
000000561958.jpg,278,230,333,330,no_vest
000000561958.jpg,233,176,275,292,no_vest
000000561958.jpg,193,167,237,290,no_vest
000000561958.jpg,567,184,595,249,no_vest
000000561958.jpg,321,184,387,328,no_vest
000000083172.jpg,157,144,238,315,no_vest
000000083172.jpg,54,1,98,110,no_vest
000000012280.jpg,141,242,183,370,no_vest
000000459153.jpg,111,174,364,461,no_vest
000000025386.jpg,172,110,361,381,no_vest
000000025386.jpg,0,112,203,617,no_vest
000000390902.jpg,49,69,280,494,no_vest
000000390902.jpg,174,59,237,190,no_vest
000000436617.jpg,385,138,563,357,no_vest
000000436617.jpg,185,124,330,297,no_vest
000000436617.jpg,57,177,261,418,no_vest
000000436617.jpg,305,117,364,182,no_vest
000000436617.jpg,6,129,107,243,no_vest
000000436617.jpg,0,146,40,192,no_vest
000000163640.jpg,87,137,278,455,no_vest
000000163640.jpg,448,146,602,456,no_vest
000000163640.jpg,304,160,381,305,no_vest
000000169169.jpg,242,348,278,457,no_vest
000000169169.jpg,289,361,315,427,no_vest
000000169169.jpg,480,366,500,408,no_vest
000000369541.jpg,107,2,203,85,no_vest
000000488592.jpg,266,434,311,542,no_vest
000000398028.jpg,106,145,388,634,no_vest
000000398028.jpg,0,102,91,378,no_vest
000000398028.jpg,288,140,423,370,no_vest
000000443426.jpg,28,196,448,629,no_vest
000000311394.jpg,2,2,479,624,no_vest
000000200839.jpg,1,225,39,282,no_vest
000000081594.jpg,170,243,308,635,no_vest
000000137727.jpg,245,187,282,238,no_vest
000000017899.jpg,0,14,248,389,no_vest
000000199236.jpg,145,180,177,221,no_vest
000000199236.jpg,105,184,140,225,no_vest
000000312489.jpg,47,102,117,283,no_vest
000000312489.jpg,211,81,297,281,no_vest
000000482800.jpg,124,108,196,372,no_vest
000000482800.jpg,352,85,519,448,no_vest
000000482800.jpg,320,82,408,345,no_vest
000000356427.jpg,165,73,292,425,no_vest
000000146825.jpg,9,145,30,202,no_vest
000000513524.jpg,288,15,503,343,no_vest
000000011051.jpg,244,78,633,528,no_vest
000000011051.jpg,5,7,377,529,no_vest
000000002261.jpg,284,151,381,278,no_vest
000000392722.jpg,534,251,574,367,no_vest
000000392722.jpg,577,251,624,384,no_vest
000000392722.jpg,457,251,485,343,no_vest
000000392722.jpg,318,259,340,321,no_vest
000000447917.jpg,132,69,210,232,no_vest
000000447917.jpg,362,112,433,288,no_vest
000000447917.jpg,325,101,402,274,no_vest
000000363666.jpg,406,76,622,415,no_vest
000000363666.jpg,283,6,446,182,no_vest
000000363666.jpg,25,43,211,293,no_vest
000000363666.jpg,117,0,211,61,no_vest
000000363666.jpg,147,0,275,152,no_vest
000000363666.jpg,0,9,58,128,no_vest
000000364126.jpg,212,129,341,331,no_vest
000000104424.jpg,153,150,268,542,no_vest
000000040083.jpg,38,113,210,294,no_vest
000000040083.jpg,263,140,392,302,no_vest
000000571857.jpg,169,220,206,299,no_vest
000000073946.jpg,352,63,636,419,no_vest
000000073946.jpg,107,83,281,419,no_vest
000000526728.jpg,193,141,253,276,no_vest
000000526728.jpg,248,149,319,278,no_vest
000000168337.jpg,540,174,583,306,no_vest
000000168337.jpg,42,227,100,385,no_vest
000000569273.jpg,215,84,262,155,no_vest
000000569273.jpg,53,120,82,151,no_vest
000000569273.jpg,33,100,64,147,no_vest
000000505638.jpg,79,167,103,236,no_vest
000000058539.jpg,47,15,219,419,no_vest
000000058539.jpg,220,66,539,416,no_vest
000000058539.jpg,433,97,480,170,no_vest
000000058539.jpg,207,84,254,121,no_vest
000000000885.jpg,278,185,415,397,no_vest
000000000885.jpg,303,83,390,230,no_vest
000000000885.jpg,592,28,639,249,no_vest
000000466125.jpg,18,204,249,631,no_vest
000000426376.jpg,173,260,261,408,no_vest
000000465549.jpg,76,94,293,424,no_vest
000000465549.jpg,273,111,558,421,no_vest
000000424975.jpg,244,308,275,393,no_vest
000000404923.jpg,357,0,398,65,no_vest
000000404923.jpg,191,102,361,474,no_vest
000000404923.jpg,503,0,527,19,no_vest
000000514586.jpg,52,68,287,494,no_vest
000000521509.jpg,178,187,275,361,no_vest
000000433103.jpg,530,72,616,278,no_vest
000000433103.jpg,281,37,426,225,no_vest
000000433103.jpg,9,11,300,414,no_vest
000000433103.jpg,136,31,313,293,no_vest
000000433103.jpg,340,57,434,195,no_vest
000000433103.jpg,523,11,577,111,no_vest
000000433103.jpg,146,29,437,421,no_vest
000000084031.jpg,181,252,291,354,no_vest
000000084031.jpg,279,187,375,334,no_vest
000000084031.jpg,97,215,167,358,no_vest
000000102411.jpg,568,164,615,231,no_vest
000000102411.jpg,506,140,549,193,no_vest
000000102411.jpg,26,140,61,251,no_vest
000000102411.jpg,230,124,352,334,no_vest
000000102411.jpg,59,153,117,247,no_vest
000000102411.jpg,199,176,214,213,no_vest
000000102411.jpg,177,177,193,214,no_vest
000000102411.jpg,237,147,279,196,no_vest
000000403122.jpg,141,253,218,521,no_vest
000000403122.jpg,47,205,75,252,no_vest
000000312552.jpg,109,44,393,299,no_vest
000000455624.jpg,281,58,466,327,no_vest
000000455624.jpg,581,144,625,208,no_vest
000000455624.jpg,517,132,564,201,no_vest
000000455624.jpg,459,140,495,195,no_vest
000000455624.jpg,611,143,639,208,no_vest
000000013729.jpg,75,95,253,465,no_vest
000000013729.jpg,357,48,474,435,no_vest
000000013729.jpg,259,67,340,377,no_vest
000000054931.jpg,198,156,386,631,no_vest
000000456662.jpg,231,120,378,606,no_vest
000000183675.jpg,345,16,525,401,no_vest
000000326970.jpg,269,33,467,479,no_vest
000000326970.jpg,0,99,200,479,no_vest
000000326970.jpg,449,16,638,451,no_vest
000000550349.jpg,41,336,99,517,no_vest
000000568195.jpg,120,125,359,450,no_vest
000000568195.jpg,0,72,152,498,no_vest
000000568195.jpg,296,135,426,439,no_vest
000000533493.jpg,17,21,280,278,no_vest
000000533493.jpg,317,78,451,276,no_vest
000000134322.jpg,23,368,39,409,no_vest
000000565877.jpg,5,78,304,625,no_vest
000000213033.jpg,116,196,338,639,no_vest
000000289415.jpg,219,45,452,163,no_vest
000000233727.jpg,581,201,616,281,no_vest
000000233727.jpg,504,221,531,283,no_vest
000000233727.jpg,473,224,500,286,no_vest
000000465180.jpg,79,96,187,194,no_vest
000000465180.jpg,279,261,423,372,no_vest
000000465180.jpg,445,224,534,335,no_vest
000000465180.jpg,257,0,317,80,no_vest
000000465180.jpg,449,151,534,244,no_vest
000000123213.jpg,93,78,304,353,no_vest
000000123213.jpg,422,162,610,384,no_vest
000000123213.jpg,258,175,460,380,no_vest
000000123213.jpg,230,0,309,65,no_vest
000000123213.jpg,1,2,63,47,no_vest
000000118367.jpg,0,55,397,397,no_vest
000000050638.jpg,364,65,483,379,no_vest
000000575081.jpg,216,18,317,397,no_vest
000000229358.jpg,262,91,363,245,no_vest
000000172648.jpg,332,201,406,389,no_vest
000000172648.jpg,88,213,112,277,no_vest
000000489764.jpg,28,12,635,534,no_vest
000000356505.jpg,220,89,401,358,no_vest
000000183391.jpg,215,91,501,578,no_vest
000000463618.jpg,245,13,517,450,no_vest
000000463618.jpg,230,141,403,420,no_vest
000000402615.jpg,512,177,569,294,no_vest
000000099242.jpg,292,76,410,288,no_vest
000000542127.jpg,316,126,383,186,no_vest
000000542127.jpg,213,83,256,141,no_vest
000000542127.jpg,302,345,326,377,no_vest
000000542127.jpg,117,336,151,366,no_vest
000000542127.jpg,285,344,311,376,no_vest
000000174371.jpg,7,134,154,491,no_vest
000000174371.jpg,218,92,630,503,no_vest
000000174371.jpg,194,167,362,509,no_vest
000000174371.jpg,76,133,229,508,no_vest
000000515577.jpg,257,89,285,160,no_vest
000000515577.jpg,206,116,249,199,no_vest
000000420281.jpg,2,19,475,636,no_vest
000000465806.jpg,3,0,511,318,no_vest
000000458223.jpg,147,106,218,253,no_vest
000000074646.jpg,80,452,99,501,no_vest
000000074646.jpg,187,458,199,497,no_vest
000000158744.jpg,449,86,525,321,no_vest
000000336356.jpg,112,20,345,337,no_vest
000000336356.jpg,2,28,136,301,no_vest
000000336356.jpg,308,80,334,127,no_vest
000000436738.jpg,60,339,90,406,no_vest
000000436738.jpg,131,335,150,395,no_vest
000000205324.jpg,0,12,235,283,no_vest
000000376112.jpg,118,193,254,545,no_vest
000000376112.jpg,321,296,386,458,no_vest
000000482585.jpg,590,219,618,286,no_vest
000000414673.jpg,160,126,251,257,no_vest
000000414673.jpg,287,61,342,183,no_vest
000000414673.jpg,461,116,499,248,no_vest
000000414673.jpg,402,227,486,331,no_vest
000000414673.jpg,40,86,73,141,no_vest
000000313562.jpg,276,49,633,475,no_vest
000000313562.jpg,13,80,113,316,no_vest
000000439180.jpg,107,163,159,246,no_vest
000000439180.jpg,465,148,519,239,no_vest
000000439180.jpg,14,207,34,268,no_vest
000000439180.jpg,282,154,341,273,no_vest
000000439180.jpg,163,162,201,205,no_vest
000000439180.jpg,389,146,438,227,no_vest
000000439180.jpg,199,159,256,289,no_vest
000000383384.jpg,488,78,567,165,no_vest
000000383384.jpg,318,68,389,168,no_vest
000000383384.jpg,399,96,464,162,no_vest
000000383384.jpg,473,196,549,359,no_vest
000000383384.jpg,288,0,311,39,no_vest
000000175251.jpg,69,17,600,597,no_vest
000000377486.jpg,359,13,554,295,no_vest
000000484978.jpg,78,61,326,326,no_vest
000000173799.jpg,7,190,169,515,no_vest
000000173799.jpg,145,207,286,487,no_vest
000000027972.jpg,355,87,505,244,no_vest
000000512836.jpg,142,179,280,532,no_vest
000000512836.jpg,59,77,117,277,no_vest
000000261061.jpg,256,42,366,325,no_vest
000000475191.jpg,188,95,424,411,no_vest
000000312720.jpg,398,226,443,303,no_vest
000000467315.jpg,207,101,247,185,no_vest
000000281929.jpg,256,60,426,459,no_vest
000000294695.jpg,221,287,264,408,no_vest
000000294695.jpg,107,278,151,386,no_vest
000000294695.jpg,555,189,597,319,no_vest
000000294695.jpg,605,187,637,333,no_vest
000000157767.jpg,76,178,138,376,no_vest
000000157767.jpg,190,141,311,423,no_vest
000000157767.jpg,329,158,423,266,no_vest
000000157767.jpg,467,155,552,422,no_vest
000000157767.jpg,448,168,486,273,no_vest
000000157767.jpg,138,183,179,344,no_vest
000000157767.jpg,26,195,76,381,no_vest
000000512985.jpg,430,124,492,328,no_vest
000000089296.jpg,219,105,437,409,no_vest
000000033005.jpg,273,148,329,333,no_vest
000000437239.jpg,185,138,263,381,no_vest
000000437239.jpg,533,141,625,375,no_vest
000000437239.jpg,485,126,561,364,no_vest
000000437239.jpg,18,137,83,365,no_vest
000000281032.jpg,211,59,553,424,no_vest
000000271116.jpg,2,0,340,423,no_vest
000000271116.jpg,358,43,639,417,no_vest
000000271116.jpg,274,153,345,223,no_vest
000000271116.jpg,379,152,455,224,no_vest
000000360661.jpg,492,181,562,271,no_vest
000000360661.jpg,217,177,287,255,no_vest
000000360661.jpg,112,219,142,312,no_vest
000000432553.jpg,213,2,418,519,no_vest
000000134886.jpg,515,376,537,406,no_vest
000000134886.jpg,580,347,603,374,no_vest
000000103548.jpg,533,209,567,295,no_vest
000000094614.jpg,296,72,432,356,no_vest
000000342971.jpg,26,117,227,638,no_vest
000000252507.jpg,131,278,194,423,no_vest
000000542423.jpg,349,205,421,342,no_vest
000000474293.jpg,532,248,639,477,no_vest
000000013546.jpg,489,51,575,257,no_vest
000000013546.jpg,457,44,474,100,no_vest
000000291634.jpg,345,188,380,288,no_vest
000000291634.jpg,216,199,235,252,no_vest
000000291634.jpg,314,192,337,288,no_vest
000000291634.jpg,7,193,33,282,no_vest
000000333402.jpg,473,168,563,391,no_vest
000000183127.jpg,378,180,438,247,no_vest
000000551820.jpg,129,150,423,401,no_vest
000000551820.jpg,451,193,523,363,no_vest
000000551820.jpg,536,227,563,301,no_vest
000000551820.jpg,575,233,599,303,no_vest
000000551820.jpg,61,194,140,316,no_vest
000000551794.jpg,176,207,313,446,no_vest
000000492110.jpg,242,1,550,413,no_vest
000000492110.jpg,51,103,157,225,no_vest
000000124442.jpg,189,167,282,380,no_vest
000000559547.jpg,2,23,194,472,no_vest
000000559547.jpg,467,1,639,426,no_vest
000000559547.jpg,226,10,396,446,no_vest
000000434459.jpg,166,46,313,282,no_vest
000000434459.jpg,345,36,578,456,no_vest
000000434459.jpg,549,72,602,197,no_vest
000000434459.jpg,312,83,343,152,no_vest
000000576955.jpg,301,50,428,288,no_vest
000000555005.jpg,76,152,624,468,no_vest
000000466986.jpg,231,151,464,426,no_vest
000000463690.jpg,31,21,96,215,no_vest
000000463690.jpg,268,115,525,421,no_vest
000000463690.jpg,177,21,245,230,no_vest
000000463690.jpg,0,19,47,210,no_vest
000000531707.jpg,389,226,476,399,no_vest
000000531707.jpg,241,211,331,393,no_vest
000000531707.jpg,167,216,247,394,no_vest
000000531707.jpg,324,223,397,399,no_vest
000000281759.jpg,96,97,193,402,no_vest
000000281759.jpg,449,136,529,424,no_vest
000000281759.jpg,369,136,464,424,no_vest
000000281759.jpg,212,130,285,400,no_vest
000000378116.jpg,315,97,498,281,no_vest
000000246436.jpg,0,1,380,631,no_vest
000000378673.jpg,238,47,416,269,no_vest
000000378673.jpg,248,170,269,224,no_vest
000000378673.jpg,600,147,620,169,no_vest
000000568814.jpg,86,8,639,356,no_vest
000000568814.jpg,1,244,55,352,no_vest
000000147740.jpg,5,140,105,352,no_vest
000000147740.jpg,189,244,448,476,no_vest
000000147740.jpg,554,204,637,473,no_vest
000000147740.jpg,97,220,150,360,no_vest
000000253695.jpg,55,77,371,633,no_vest
000000220764.jpg,165,169,198,243,no_vest
000000499266.jpg,0,8,265,479,no_vest
000000499266.jpg,453,9,537,107,no_vest
000000341719.jpg,320,269,367,376,no_vest
000000274411.jpg,146,142,276,539,no_vest
000000193162.jpg,396,95,487,185,no_vest
000000473237.jpg,54,0,615,425,no_vest
000000576052.jpg,424,91,509,254,no_vest
000000492362.jpg,99,99,264,550,no_vest
000000492362.jpg,271,165,352,442,no_vest
000000148719.jpg,0,117,40,161,no_vest
000000309964.jpg,93,94,255,413,no_vest
000000309964.jpg,336,99,522,412,no_vest
000000463542.jpg,102,132,163,237,no_vest
000000463542.jpg,294,160,341,254,no_vest
000000463542.jpg,503,158,550,252,no_vest
000000463542.jpg,262,101,289,138,no_vest
000000463542.jpg,235,121,260,173,no_vest
000000463542.jpg,555,82,577,109,no_vest
000000463542.jpg,282,65,298,97,no_vest
000000463542.jpg,502,132,533,182,no_vest
000000463542.jpg,452,55,463,77,no_vest
000000273132.jpg,129,169,478,580,no_vest
000000422836.jpg,97,0,225,234,no_vest
000000415882.jpg,19,208,379,628,no_vest
000000018491.jpg,262,187,406,305,no_vest
000000018491.jpg,272,69,331,215,no_vest
000000018491.jpg,326,73,388,206,no_vest
000000018491.jpg,67,96,120,216,no_vest
000000018491.jpg,164,79,208,142,no_vest
000000018491.jpg,112,31,163,125,no_vest
000000084270.jpg,4,241,83,465,no_vest
000000084270.jpg,227,257,267,356,no_vest
000000084270.jpg,486,254,528,371,no_vest
000000084270.jpg,85,257,144,392,no_vest
000000084270.jpg,383,264,403,322,no_vest
000000084270.jpg,566,260,591,322,no_vest
000000333745.jpg,51,144,191,500,no_vest
000000450399.jpg,42,0,271,397,no_vest
000000450399.jpg,206,49,310,168,no_vest
000000450399.jpg,266,70,398,242,no_vest
000000450399.jpg,529,71,572,130,no_vest
000000450399.jpg,358,68,428,222,no_vest
000000094157.jpg,11,608,25,639,no_vest
000000403584.jpg,309,248,371,435,no_vest
000000403584.jpg,237,236,291,429,no_vest
000000425221.jpg,2,400,75,625,no_vest
000000010764.jpg,222,79,482,404,no_vest
000000570471.jpg,55,0,371,491,no_vest
000000568213.jpg,109,36,274,265,no_vest
000000568213.jpg,361,13,476,269,no_vest
000000383842.jpg,286,40,605,430,no_vest
000000383842.jpg,239,38,365,380,no_vest
000000383842.jpg,330,102,401,203,no_vest
000000383842.jpg,395,33,493,172,no_vest
000000076468.jpg,293,162,362,323,no_vest
000000076468.jpg,209,160,291,326,no_vest
000000017905.jpg,81,227,201,596,no_vest
000000289594.jpg,332,223,400,472,no_vest
000000306139.jpg,352,208,563,422,no_vest
000000306139.jpg,471,118,600,297,no_vest
000000306139.jpg,276,104,356,216,no_vest
000000306139.jpg,338,40,395,174,no_vest
000000306139.jpg,134,127,215,233,no_vest
000000306139.jpg,151,186,361,420,no_vest
000000306139.jpg,345,115,432,244,no_vest
000000553221.jpg,336,94,450,209,no_vest
000000553221.jpg,206,319,234,347,no_vest
000000009891.jpg,77,103,210,297,no_vest
000000009891.jpg,203,100,352,417,no_vest
000000099114.jpg,71,149,116,235,no_vest
000000099114.jpg,357,166,384,253,no_vest
000000099114.jpg,309,162,344,248,no_vest
000000099114.jpg,156,158,188,239,no_vest
000000270677.jpg,183,84,461,629,no_vest
000000236308.jpg,179,187,218,277,no_vest
000000236308.jpg,52,156,103,276,no_vest
000000077460.jpg,67,550,89,600,no_vest
000000077460.jpg,98,554,115,609,no_vest
000000077460.jpg,272,571,285,601,no_vest
000000404249.jpg,33,121,288,529,no_vest
000000009483.jpg,38,67,177,479,no_vest
000000406417.jpg,164,266,351,639,no_vest
000000406417.jpg,10,309,148,639,no_vest
000000406417.jpg,378,289,525,639,no_vest
000000319184.jpg,268,95,473,272,no_vest
000000319184.jpg,144,49,287,272,no_vest
000000319184.jpg,23,29,71,135,no_vest
000000319184.jpg,53,23,92,129,no_vest
000000319184.jpg,441,25,465,83,no_vest
000000319184.jpg,394,31,413,84,no_vest
000000319184.jpg,415,31,430,83,no_vest
000000319184.jpg,484,24,499,87,no_vest
000000097278.jpg,82,83,328,573,no_vest
000000284743.jpg,414,59,639,415,no_vest
000000284743.jpg,237,32,378,296,no_vest
000000284743.jpg,200,63,239,113,no_vest
000000284743.jpg,398,52,537,360,no_vest
000000284743.jpg,149,100,338,320,no_vest
000000179174.jpg,389,110,415,182,no_vest
000000179174.jpg,359,114,379,176,no_vest
000000179174.jpg,132,107,148,135,no_vest
000000057672.jpg,155,130,209,241,no_vest
000000057672.jpg,273,189,312,280,no_vest
000000057672.jpg,585,198,639,284,no_vest
000000057672.jpg,340,198,396,279,no_vest
000000057672.jpg,476,197,535,272,no_vest
000000329455.jpg,64,1,378,209,no_vest
000000329455.jpg,0,0,139,269,no_vest
000000007511.jpg,375,243,506,479,no_vest
000000007511.jpg,269,273,281,304,no_vest
000000007511.jpg,236,282,249,306,no_vest
000000497867.jpg,217,188,243,214,no_vest
000000497867.jpg,388,141,437,210,no_vest
000000404922.jpg,114,16,251,475,no_vest
000000404922.jpg,39,187,137,441,no_vest
000000404922.jpg,240,144,345,469,no_vest
000000060347.jpg,111,247,375,591,no_vest
000000209753.jpg,49,64,452,634,no_vest
000000430073.jpg,55,167,137,402,no_vest
000000430073.jpg,397,153,443,256,no_vest
000000430073.jpg,136,124,158,181,no_vest
000000430073.jpg,114,121,138,179,no_vest
000000430073.jpg,0,189,60,440,no_vest
000000460333.jpg,298,216,398,331,no_vest
000000130826.jpg,18,50,328,477,no_vest
000000130826.jpg,276,0,389,176,no_vest
000000130826.jpg,51,0,141,187,no_vest
000000130826.jpg,381,2,459,145,no_vest
000000547854.jpg,10,0,639,428,no_vest
000000195842.jpg,421,50,564,472,no_vest
000000507797.jpg,516,175,573,313,no_vest
000000507797.jpg,94,183,168,376,no_vest
000000507797.jpg,24,181,97,394,no_vest
000000507797.jpg,150,166,206,358,no_vest
000000468332.jpg,46,0,246,392,no_vest
000000468332.jpg,263,160,431,398,no_vest
000000468332.jpg,418,112,543,398,no_vest
000000468332.jpg,531,90,636,238,no_vest
000000468332.jpg,474,292,637,423,no_vest
000000468332.jpg,48,59,61,94,no_vest
000000406611.jpg,439,337,478,443,no_vest
000000406611.jpg,54,334,124,477,no_vest
000000128675.jpg,330,309,387,436,no_vest
000000353027.jpg,0,2,209,242,no_vest
000000244833.jpg,429,31,537,147,no_vest
000000132703.jpg,91,147,297,317,no_vest
000000459272.jpg,0,79,402,633,no_vest
000000459272.jpg,381,311,476,541,no_vest
000000218439.jpg,15,179,454,619,no_vest
000000332570.jpg,15,61,351,480,no_vest
000000082812.jpg,505,194,571,321,no_vest
000000082812.jpg,247,259,285,359,no_vest
000000082812.jpg,586,177,639,301,no_vest
000000082812.jpg,344,230,422,359,no_vest
000000082812.jpg,301,252,337,358,no_vest
000000179112.jpg,27,0,343,373,no_vest
000000551439.jpg,10,42,410,631,no_vest
000000371552.jpg,184,55,284,373,no_vest
000000371552.jpg,344,137,381,221,no_vest
000000371552.jpg,132,149,175,223,no_vest
000000330396.jpg,236,61,321,372,no_vest
000000330396.jpg,273,74,359,365,no_vest
000000330396.jpg,313,78,376,355,no_vest
000000039480.jpg,245,167,343,423,no_vest
000000554735.jpg,0,78,327,477,no_vest
000000395801.jpg,252,320,304,467,no_vest
000000395801.jpg,400,360,506,477,no_vest
000000395801.jpg,218,295,239,337,no_vest
000000395801.jpg,470,296,492,359,no_vest
000000395801.jpg,445,293,468,361,no_vest
000000546976.jpg,54,91,426,358,no_vest
000000210394.jpg,425,221,458,333,no_vest
000000411938.jpg,381,137,523,407,no_vest
000000411938.jpg,155,132,243,310,no_vest
000000411938.jpg,44,283,258,425,no_vest
000000497568.jpg,35,282,67,347,no_vest
000000463918.jpg,48,31,213,357,no_vest
000000463918.jpg,260,72,389,351,no_vest
000000521717.jpg,359,19,410,191,no_vest
000000521717.jpg,210,177,302,368,no_vest
000000521717.jpg,291,80,363,219,no_vest
000000045070.jpg,92,45,441,498,no_vest
000000357888.jpg,297,157,563,466,no_vest
000000383606.jpg,302,124,350,282,no_vest
000000440184.jpg,192,145,273,351,no_vest
000000440184.jpg,514,151,588,284,no_vest
000000440184.jpg,367,157,405,227,no_vest
000000440184.jpg,44,148,72,242,no_vest
000000065798.jpg,476,274,525,383,no_vest
000000065798.jpg,277,248,318,315,no_vest
000000106757.jpg,198,233,425,628,no_vest
000000253742.jpg,383,91,522,473,no_vest
000000253742.jpg,545,155,587,269,no_vest
000000253742.jpg,28,116,100,273,no_vest
000000253742.jpg,250,124,301,226,no_vest
000000253742.jpg,584,149,623,254,no_vest
000000253742.jpg,297,112,370,245,no_vest
000000253742.jpg,149,114,236,260,no_vest
000000387916.jpg,322,255,365,377,no_vest
000000387916.jpg,344,258,438,420,no_vest
000000387916.jpg,263,272,297,375,no_vest
000000387916.jpg,495,259,532,374,no_vest
000000387916.jpg,216,309,246,377,no_vest
000000387916.jpg,122,278,182,409,no_vest
000000387916.jpg,449,261,493,374,no_vest
000000387916.jpg,169,273,209,358,no_vest
000000232692.jpg,585,91,622,147,no_vest
000000232692.jpg,253,42,388,211,no_vest
000000052996.jpg,429,124,542,422,no_vest
000000052996.jpg,2,115,85,285,no_vest
000000052996.jpg,75,129,156,282,no_vest
000000052996.jpg,163,102,241,286,no_vest
000000052996.jpg,519,118,630,404,no_vest
000000052996.jpg,479,121,596,416,no_vest
000000210915.jpg,132,109,413,280,no_vest
000000278973.jpg,101,101,279,298,no_vest
000000244496.jpg,7,44,265,494,no_vest
000000336265.jpg,241,301,273,365,no_vest
000000000872.jpg,161,109,435,592,no_vest
000000153797.jpg,322,107,436,326,no_vest
000000162858.jpg,17,343,38,399,no_vest
000000481582.jpg,344,106,523,426,no_vest
000000481582.jpg,30,120,182,420,no_vest
000000053626.jpg,371,151,442,353,no_vest
000000053626.jpg,122,136,222,391,no_vest
000000053626.jpg,294,145,372,357,no_vest
000000053626.jpg,228,155,308,374,no_vest
000000290163.jpg,100,19,399,479,no_vest
000000290163.jpg,5,0,179,472,no_vest
000000356094.jpg,183,37,341,384,no_vest
000000356094.jpg,406,109,472,333,no_vest
000000190307.jpg,204,30,339,517,no_vest
000000523100.jpg,249,25,477,284,no_vest
000000341973.jpg,223,55,499,369,no_vest
000000341973.jpg,47,131,330,369,no_vest
000000219271.jpg,215,387,245,480,no_vest
000000236166.jpg,77,146,421,522,no_vest
000000290248.jpg,375,332,421,463,no_vest
000000290248.jpg,514,339,546,426,no_vest
000000290248.jpg,434,348,481,462,no_vest
000000290248.jpg,578,346,636,472,no_vest
000000290248.jpg,107,320,136,418,no_vest
000000044877.jpg,100,26,365,426,no_vest
000000044877.jpg,315,110,457,402,no_vest
000000027186.jpg,146,29,402,422,no_vest
000000334555.jpg,83,127,141,267,no_vest
000000334555.jpg,17,133,73,272,no_vest
000000184324.jpg,350,234,370,290,no_vest
000000184324.jpg,80,240,136,390,no_vest
000000184324.jpg,31,221,81,381,no_vest
000000184324.jpg,365,244,387,304,no_vest
000000184324.jpg,415,252,438,311,no_vest
000000184324.jpg,309,232,326,273,no_vest
000000184324.jpg,438,252,456,306,no_vest
000000520832.jpg,243,218,370,451,no_vest
000000334767.jpg,259,59,334,193,no_vest
000000334767.jpg,451,63,498,174,no_vest
000000334767.jpg,365,67,421,200,no_vest
000000334767.jpg,59,71,157,241,no_vest
000000334767.jpg,138,69,204,211,no_vest
000000476215.jpg,277,96,311,200,no_vest
000000326128.jpg,236,179,371,595,no_vest
000000064898.jpg,337,202,397,258,no_vest
000000064898.jpg,415,235,534,301,no_vest
000000043435.jpg,177,427,216,480,no_vest
000000180135.jpg,1,10,253,497,no_vest
000000073153.jpg,196,23,391,634,no_vest
000000356531.jpg,0,15,358,476,no_vest
000000449579.jpg,119,51,254,323,no_vest
000000180487.jpg,38,67,360,416,no_vest
000000180487.jpg,533,130,639,344,no_vest
000000334006.jpg,549,218,570,266,no_vest
000000132796.jpg,294,69,404,391,no_vest
000000132796.jpg,399,63,543,246,no_vest
000000132796.jpg,77,146,154,311,no_vest
000000365745.jpg,575,238,639,395,no_vest
000000089078.jpg,155,25,355,596,no_vest
000000442746.jpg,179,108,234,232,no_vest
000000275058.jpg,201,147,273,286,no_vest
000000211674.jpg,417,205,469,266,no_vest
000000211674.jpg,289,44,315,84,no_vest
000000119995.jpg,38,12,260,484,no_vest
000000119995.jpg,338,31,447,226,no_vest
000000506178.jpg,73,99,229,387,no_vest
000000506178.jpg,64,147,275,498,no_vest
000000400573.jpg,0,5,479,628,no_vest
000000476415.jpg,52,12,424,628,no_vest
000000334309.jpg,0,36,399,425,no_vest
000000100428.jpg,275,105,634,487,no_vest
000000100428.jpg,109,97,329,486,no_vest
000000151051.jpg,135,200,262,327,no_vest
000000001268.jpg,402,205,466,295,no_vest
000000001268.jpg,498,81,637,421,no_vest
000000001268.jpg,23,214,79,283,no_vest
000000001268.jpg,0,208,27,283,no_vest
000000157601.jpg,0,53,325,396,no_vest
000000533816.jpg,265,127,369,387,no_vest
000000533816.jpg,249,77,304,139,no_vest
000000533816.jpg,444,69,518,155,no_vest
000000533816.jpg,397,127,486,423,no_vest
000000533816.jpg,353,0,393,137,no_vest
000000533816.jpg,211,93,251,138,no_vest
000000533816.jpg,384,0,425,133,no_vest
000000579902.jpg,201,179,390,515,no_vest
000000319100.jpg,88,42,277,319,no_vest
000000319100.jpg,244,47,436,332,no_vest
000000119911.jpg,272,96,417,333,no_vest
000000493772.jpg,289,286,334,436,no_vest
000000216516.jpg,126,121,260,587,no_vest
000000150224.jpg,347,221,428,400,no_vest
000000150224.jpg,405,266,551,418,no_vest
000000325838.jpg,179,63,385,414,no_vest
000000361238.jpg,129,1,358,258,no_vest
000000031093.jpg,220,83,443,332,no_vest
000000117645.jpg,393,165,428,229,no_vest
000000078748.jpg,292,22,374,112,no_vest
000000078748.jpg,58,20,119,117,no_vest
000000078748.jpg,107,15,204,113,no_vest
000000078748.jpg,199,16,251,111,no_vest
000000078748.jpg,243,16,295,111,no_vest
000000078748.jpg,579,50,637,170,no_vest
000000176799.jpg,387,80,500,207,no_vest
000000176799.jpg,48,209,101,331,no_vest
000000357816.jpg,0,73,294,451,no_vest
000000357816.jpg,401,51,496,248,no_vest
000000357816.jpg,0,79,90,280,no_vest
000000357816.jpg,275,2,377,259,no_vest
000000397133.jpg,386,69,497,351,no_vest
000000424162.jpg,454,123,594,471,no_vest
000000424162.jpg,329,131,447,456,no_vest
000000348881.jpg,561,270,600,345,no_vest
000000009378.jpg,87,59,473,394,no_vest
000000009378.jpg,423,332,484,390,no_vest
000000384670.jpg,361,22,472,139,no_vest
000000384670.jpg,308,97,395,326,no_vest
000000180101.jpg,0,0,319,232,no_vest
000000180101.jpg,355,33,526,300,no_vest
000000180101.jpg,0,344,105,477,no_vest
000000210789.jpg,126,237,197,438,no_vest
000000210789.jpg,150,129,242,420,no_vest
000000205333.jpg,138,81,160,144,no_vest
000000205333.jpg,77,105,89,134,no_vest
000000158956.jpg,167,38,494,424,no_vest
000000389684.jpg,116,210,172,387,no_vest
000000305309.jpg,380,50,523,373,no_vest
000000305309.jpg,0,99,189,402,no_vest
000000563281.jpg,107,2,278,491,no_vest
000000317433.jpg,27,141,125,378,no_vest
000000014473.jpg,118,245,135,280,no_vest
000000014473.jpg,198,256,217,295,no_vest
000000366711.jpg,32,96,249,331,no_vest
000000512929.jpg,23,86,287,534,no_vest
000000512929.jpg,255,63,579,554,no_vest
000000292908.jpg,177,138,240,187,no_vest
000000390555.jpg,40,55,114,171,no_vest
000000390555.jpg,551,240,636,426,no_vest
000000390555.jpg,112,96,178,216,no_vest
000000390555.jpg,494,275,595,429,no_vest
000000390555.jpg,218,279,316,426,no_vest
000000390555.jpg,402,273,528,426,no_vest
000000390555.jpg,32,244,127,430,no_vest
000000390555.jpg,99,295,220,429,no_vest
000000300341.jpg,413,14,596,421,no_vest
000000300341.jpg,67,99,254,426,no_vest
000000300341.jpg,290,336,358,426,no_vest
000000300341.jpg,360,344,430,426,no_vest
000000300341.jpg,0,350,69,425,no_vest
000000213255.jpg,0,15,215,635,no_vest
000000474095.jpg,49,25,265,485,no_vest
000000268378.jpg,386,140,623,351,no_vest
000000268378.jpg,367,119,504,272,no_vest
000000268378.jpg,111,130,275,349,no_vest
000000268378.jpg,0,47,126,344,no_vest
000000268378.jpg,224,58,306,208,no_vest
000000268378.jpg,351,118,458,236,no_vest
000000268378.jpg,89,111,167,288,no_vest
000000268378.jpg,219,122,302,227,no_vest
000000398905.jpg,203,27,515,368,no_vest
000000118921.jpg,310,137,472,356,no_vest
000000152120.jpg,247,28,470,309,no_vest
000000246454.jpg,230,22,572,606,no_vest
000000323355.jpg,104,37,439,632,no_vest
000000144114.jpg,284,221,317,252,no_vest
000000128748.jpg,0,88,208,626,no_vest
000000128748.jpg,179,40,362,605,no_vest
000000128748.jpg,307,113,461,638,no_vest
000000123480.jpg,119,121,404,453,no_vest
000000006471.jpg,86,187,237,325,no_vest
000000006471.jpg,19,142,127,324,no_vest
000000006471.jpg,259,69,353,299,no_vest
000000006471.jpg,400,58,451,113,no_vest
000000006471.jpg,166,74,220,132,no_vest
000000006471.jpg,87,72,151,140,no_vest
000000006471.jpg,35,87,74,143,no_vest
000000006471.jpg,214,73,257,128,no_vest
000000172946.jpg,203,88,378,586,no_vest
000000172946.jpg,9,45,209,639,no_vest
000000172946.jpg,332,96,424,544,no_vest
000000172946.jpg,115,109,204,272,no_vest
000000347265.jpg,186,328,254,471,no_vest
000000284991.jpg,203,1,639,422,no_vest
000000284991.jpg,95,117,320,425,no_vest
000000450075.jpg,125,139,348,474,no_vest
000000450075.jpg,282,35,639,471,no_vest
000000052007.jpg,314,259,366,401,no_vest
000000052007.jpg,361,234,413,429,no_vest
000000052007.jpg,217,254,256,312,no_vest
000000052007.jpg,143,241,189,289,no_vest
000000090284.jpg,64,134,577,569,no_vest
000000274460.jpg,4,194,44,289,no_vest
000000274460.jpg,202,183,267,329,no_vest
000000274460.jpg,510,212,549,316,no_vest
000000274460.jpg,154,170,205,316,no_vest
000000274460.jpg,258,172,313,324,no_vest
000000274460.jpg,31,290,137,410,no_vest
000000274460.jpg,437,185,497,304,no_vest
000000274460.jpg,343,272,390,377,no_vest
000000274460.jpg,93,292,210,404,no_vest
000000274460.jpg,448,282,503,377,no_vest
000000274460.jpg,307,189,358,319,no_vest
000000274460.jpg,353,190,389,281,no_vest
000000517069.jpg,215,244,419,464,no_vest
000000517069.jpg,526,229,626,477,no_vest
000000079588.jpg,408,375,421,415,no_vest
000000079588.jpg,285,384,303,422,no_vest
000000079588.jpg,390,378,402,415,no_vest
000000079588.jpg,301,381,314,420,no_vest
000000345397.jpg,8,4,478,371,no_vest
000000080671.jpg,214,120,431,367,no_vest
000000551804.jpg,212,80,434,362,no_vest
000000474078.jpg,125,274,260,459,no_vest
000000474078.jpg,585,0,630,92,no_vest
000000474078.jpg,240,293,394,455,no_vest
000000474078.jpg,165,288,326,455,no_vest
000000474078.jpg,312,219,481,391,no_vest
000000158660.jpg,483,15,611,266,no_vest
000000156924.jpg,171,78,467,330,no_vest
000000156924.jpg,89,34,292,330,no_vest
000000554579.jpg,4,63,204,577,no_vest
000000554579.jpg,183,72,345,449,no_vest
000000554579.jpg,311,102,486,446,no_vest
000000015660.jpg,153,188,208,269,no_vest
